{
    "name": "00_00",
    "type": "hd",
    "resolution": [1920,1080],
    "panel": 0,
    "node": 0,
    "K": [
        [1634.03,0,942.792],
        [0,1629.73,558.29],
        [0,0,1]
    ],
    "distCoef": [-0.222445,0.199192,8.73054e-05,0.000982243,0.0238445],
    "R": [
        [0.1369296663,0.03357591931,-0.9900115778],
        [-0.09021094677,0.9956950625,0.02129149064],
        [0.9864645212,0.08639444504,0.1393691081]
    ],
    "t": [
        [20.90028135],
        [127.2202879],
        [283.1159034]
    ]
}