{
    "name": "00_01",
    "type": "hd",
    "resolution": [1920,1080],
    "panel": 0,
    "node": 1,
    "K": [
        [1395.91,0,951.559],
        [0,1392.24,561.398],
        [0,0,1]
    ],
    "distCoef": [-0.286227,0.183082,-4.29815e-05,0.000644874,-0.0479635],
    "R": [
        [0.05337497606,0.02479711619,0.9982666052],
        [0.6376765256,0.7684660834,-0.05318390075],
        [-0.7684528356,0.6394098699,0.0252043199]
    ],
    "t": [
        [6.299256813],
        [104.397182],
        [363.078698]
    ]
}