{
    "name": "00_02",
    "type": "hd",
    "resolution": [1920,1080],
    "panel": 0,
    "node": 2,
    "K": [
        [1397.02,0,939.355],
        [0,1394.04,556.611],
        [0,0,1]
    ],
    "distCoef": [-0.28229,0.173658,-0.000610716,0.000955319,-0.0398628],
    "R": [
        [-0.9970491806,0.05290586318,-0.05562284625],
        [-0.01182874156,0.6100448884,0.792278559],
        [0.07584861407,0.7905986364,-0.6076189463]
    ],
    "t": [
        [-16.22360931],
        [63.30660163],
        [381.0181823]
    ]
}