{
    "name": "00_04",
    "type": "hd",
    "resolution": [1920,1080],
    "panel": 0,
    "node": 4,
    "K": [
        [1633.26,0,949.479],
        [0,1629.32,572.374],
        [0,0,1]
    ],
    "distCoef": [-0.223003,0.185095,-0.000261654,0.00109433,0.0657602],
    "R": [
        [-0.5292732399,-0.01229259603,0.8483623811],
        [0.636650989,0.6551966806,0.4066851706],
        [-0.5608434325,0.7553583268,-0.3389519765]
    ],
    "t": [
        [-5.411400695],
        [80.12176746],
        [379.8488129]
    ]
}