{
    "name": "00_03",
    "type": "hd",
    "resolution": [1920,1080],
    "panel": 0,
    "node": 3,
    "K": [
        [1395.71,0,949.456],
        [0,1392.06,566.648],
        [0,0,1]
    ],
    "distCoef": [-0.281728,0.168097,-0.00021431,1.8072e-05,-0.0371786],
    "R": [
        [-0.6216465312,-0.0285781748,0.7827763909],
        [0.07448493547,0.9926490654,0.09539301533],
        [-0.7797484111,0.117605786,-0.6149482047]
    ],
    "t": [
        [-14.50346059],
        [117.4297203],
        [290.1984382]
    ]
}